<?xml version="1.0" encoding="UTF-8" standalone="no"?>
<catalogo>
     
  <libro id="bk101">
          
    <author>Gambardella, Matthew</author>
          
    <titulo>XML Developer's Guide</titulo>
          
    <genero>Computer</genero>
          
    <precio>44.95</precio>
          
    <fecha_publicacion>2000-10-01</fecha_publicacion>
          
    <descripcion>An in-depth look at creating applications 
      with XML.</descripcion>
       
  </libro>
     
  <libro id="bk102">
          
    <author>Ralls, Kim</author>
          
    <titulo>Midnight Rain</titulo>
          
    <genero>Fantasy</genero>
          
    <precio>5.95</precio>
          
    <fecha_publicacion>2000-12-16</fecha_publicacion>
          
    <descripcion>A former architect battles corporate zombies, 
      an evil sorceress, and her own childhood to become queen 
      of the world.</descripcion>
       
  </libro>
     
  <libro id="bk103">
          
    <author>Corets, Eva</author>
          
    <titulo>Maeve Ascendant</titulo>
          
    <genero>Fantasy</genero>
          
    <precio>5.95</precio>
          
    <fecha_publicacion>2000-11-17</fecha_publicacion>
          
    <descripcion>After the collapse of a nanotechnology 
      society in England, the young survivors lay the 
      foundation for a new society.</descripcion>
       
  </libro>
     
  <libro id="bk104">
          
    <author>Corets, Eva</author>
          
    <titulo>Oberon's Legacy</titulo>
          
    <genero>Fantasy</genero>
          
    <precio>5.95</precio>
          
    <fecha_publicacion>2001-03-10</fecha_publicacion>
          
    <descripcion>In post-apocalypse England, the mysterious 
      agent known only as Oberon helps to create a new life 
      for the inhabitants of London. Sequel to Maeve 
      Ascendant.</descripcion>
       
  </libro>
     
  <libro id="bk105">
          
    <author>Corets, Eva</author>
          
    <titulo>The Sundered Grail</titulo>
          
    <genero>Fantasy</genero>
          
    <precio>5.95</precio>
          
    <fecha_publicacion>2001-09-10</fecha_publicacion>
          
    <descripcion>The two daughters of Maeve, half-sisters, 
      battle one another for control of England. Sequel to 
      Oberon's Legacy.</descripcion>
       
  </libro>
     
  <libro id="bk106">
          
    <author>Randall, Cynthia</author>
          
    <titulo>Lover Birds</titulo>
          
    <genero>Romance</genero>
          
    <precio>4.95</precio>
          
    <fecha_publicacion>2000-09-02</fecha_publicacion>
          
    <descripcion>When Carla meets Paul at an ornithology 
      conference, tempers fly as feathers get ruffled.</descripcion>
       
  </libro>
     
  <libro id="bk107">
          
    <author>Thurman, Paula</author>
          
    <titulo>Splish Splash</titulo>
          
    <genero>Romance</genero>
          
    <precio>4.95</precio>
          
    <fecha_publicacion>2000-11-02</fecha_publicacion>
          
    <descripcion>A deep sea diver finds true love twenty 
      thousand leagues beneath the sea.</descripcion>
       
  </libro>
     
  <libro id="bk108">
          
    <author>Knorr, Stefan</author>
          
    <titulo>Creepy Crawlies</titulo>
          
    <genero>Horror</genero>
          
    <precio>4.95</precio>
          
    <fecha_publicacion>2000-12-06</fecha_publicacion>
          
    <descripcion>An anthology of horror stories about roaches,
      centipedes, scorpions  and other insects.</descripcion>
       
  </libro>
     
  <libro id="bk109">
          
    <author>Kress, Peter</author>
          
    <titulo>Paradox Lost</titulo>
          
    <genero>Science Fiction</genero>
          
    <precio>6.95</precio>
          
    <fecha_publicacion>2000-11-02</fecha_publicacion>
          
    <descripcion>After an inadvertant trip through a Heisenberg
      Uncertainty Device, James Salway discovers the problems 
      of being quantum.</descripcion>
       
  </libro>
     
  <libro id="bk110">
          
    <author>O'Brien, Tim</author>
          
    <titulo>Microsoft .NET: The Programming Bible</titulo>
          
    <genero>Computer</genero>
          
    <precio>36.95</precio>
          
    <fecha_publicacion>2000-12-09</fecha_publicacion>
          
    <descripcion>Microsoft's .NET initiative is explored in 
      detail in this deep programmer's reference.</descripcion>
       
  </libro>
     
  <libro id="bk111">
          
    <author>O'Brien, Tim</author>
          
    <titulo>MSXML3: A Comprehensive Guide</titulo>
          
    <genero>Computer</genero>
          
    <precio>36.95</precio>
          
    <fecha_publicacion>2000-12-01</fecha_publicacion>
          
    <descripcion>The Microsoft MSXML3 parser is covered in 
      detail, with attention to XML DOM interfaces, XSLT processing, 
      SAX and more.</descripcion>
       
  </libro>
     
  <libro id="bk112">
          
    <author>Galos, Mike</author>
          
    <titulo>Visual Studio 7: A Comprehensive Guide</titulo>
          
    <genero>Computer</genero>
          
    <precio>49.95</precio>
          
    <fecha_publicacion>2001-04-16</fecha_publicacion>
          
    <descripcion>Microsoft Visual Studio 7 is explored in depth,
      looking at how Visual Basic, Visual C++, C#, and ASP+ are 
      integrated into a comprehensive development 
      environment.</descripcion>
       
  </libro>
  
</catalogo>
