<?xml version="1.0" encoding="UTF-8"?>
<!DOCTYPE hibernate-configuration PUBLIC "-//Hibernate/Hibernate Configuration DTD//EN" "http://www.hibernate.org/dtd/hibernate-configuration-3.0.dtd">
<hibernate-configuration>
	<session-factory>
		<property name="connection.driver_class">com.mysql.jdbc.Driver</property>
		<property name="connection.url">jdbc:mysql://localhost:3306/dam_almacen_practica</property>
		<property name="connection.username">root</property>
		<property name="connection.password">toor</property>
		
		<property name="dialect">org.hibernate.dialect.MySQLDialect</property>
		<property name="show_sql">false</property>
		<property name="format_sql">true</property>
		<property name="hibernate.hbm2ddl.auto">update</property>
		
		<mapping class="modelo.Proveedor"/>
		<mapping class="modelo.Producto"/>
		<mapping class="modelo.Ubicacion"/>
		<mapping class="modelo.Categoria"/> 
	</session-factory>
</hibernate-configuration>